<?xml version="1.0" encoding="UTF-8" standalone="yes"?>
<addon id="tools.btrfs-progs"
       name="btrfs-progs"
       version="7.0.0"
       provider-name="Lukas Rusak (lorusak@gmail.com)">
  <requires>
    <import addon="os.openelec.tv" version="7.0"/>
    <import addon="xbmc.python" version="2.1.0"/>

  </requires>
  <extension point="xbmc.python.script" library="default.py">
    <provides></provides>
  </extension>
  <extension point="xbmc.addon.metadata">
    <summary>tools for the btrfs filesystem</summary>
    <description>
tools for the btrfs filesystem
    </description>
    <disclaimer>

    </disclaimer>
    <platform>all</platform>
  </extension>
</addon>
