<?xml version="1.0" encoding="UTF-8" standalone="yes"?>
<addon id="service.multimedia.mpd"
       name="mpd"
       version="7.0.0"
       provider-name="Lukas Sabota (LTsmooth42@gmail.com)">
  <requires>
    <import addon="os.openelec.tv" version="7.0"/>
    <import addon="xbmc.python" version="2.1.0"/>

  </requires>
  <extension point="xbmc.service" library="default.py">
    <provides></provides>
  </extension>
  <extension point="xbmc.addon.metadata">
    <summary>Flexible, powerful, server-side application for playing music</summary>
    <description>
Flexible, powerful, server-side application for playing music
    </description>
    <disclaimer>
This may block your xbmc audio. It might also play no audio at all, if streamsilence is enabled and you try to use the very same device
    </disclaimer>
    <platform>all</platform>
  </extension>
</addon>
