<?xml version="1.0" encoding="UTF-8" standalone="yes"?>
<addon id="opi_repository.unofficial.addon.pro"
                name="Orange Pi [COLOR FF757677]Open[/COLOR][COLOR FF8ABEE2]ELEC[/COLOR] Add-ons (unofficial)"
                version="7.0.0"
                provider-name="OpenELEC Community">
	<extension point="xbmc.addon.repository"
                name="Orange Pi OpenELEC Add-ons (unofficial)">
		<info compressed="false">http://raw.githubusercontent.com/gitchomik/OPI_Openelec.unofficial-addons.repo/master/addons.xml</info>
		<checksum>http://raw.githubusercontent.com/gitchomik/OPI_Openelec.unofficial-addons.repo/master/addons.xml.md5</checksum>
		<datadir zip="true">http://raw.githubusercontent.com/gitchomik/OPI_Openelec.unofficial-addons.repo/master</datadir>
	</extension>
        <extension point="xbmc.addon.metadata">
                <summary>Orange Pi OpenELEC Add-ons (unofficial)</summary>
                <description>Orange Pi The OpenELEC unofficial repository contains community provided add-ons. These add-ons are not supported by OpenELEC staff. Please check the OpenELEC or Kodi forums for community support threads and ask the add-on author to submit fixes via GitHub.</description>
                <disclaimer>Add-ons in this repository are not maintained or supported by OpenELEC staff.</disclaimer>
                <platform>all</platform>
        </extension>
</addon>
