<?xml version="1.0" encoding="UTF-8" standalone="yes"?>
<addon id="service.multimedia.tvheadend"
       name="tvheadend"
       version="7.0.0"
       provider-name="openelec.tv">
  <requires>
    <import addon="os.openelec.tv" version="7.0"/>
    <import addon="xbmc.python" version="2.1.0"/>

  </requires>
  <extension point="xbmc.service" library="default.py">
    <provides></provides>
  </extension>
  <extension point="xbmc.addon.metadata">
    <summary>tvheadend (Version: 4.0.8): a TV streaming server for Linux supporting DVB-S, DVB-S2, DVB-C, DVB-T, ATSC, IPTV, and Analog video (V4L) as input sources.</summary>
    <description>
Tvheadend (Version: 4.0.8) is a TV streaming server for Linux supporting DVB-S, DVB-S2, DVB-C, DVB-T, ATSC, IPTV, and Analog video (V4L) as input sources. It also comes with a powerful and easy to use web interface both used for configuration and day-to-day operations, such as searching the EPG and scheduling recordings. Even so, the most notable feature of Tvheadend is how easy it is to set up: Install it, navigate to the web user interface, drill into the TV adapters tab, select your current location and Tvheadend will start scanning channels and present them to you in just a few minutes. If installing as an Addon a reboot is needed
    </description>
    <disclaimer>

    </disclaimer>
    <platform>all</platform>
  </extension>
</addon>
